STATE,ST_CASE,VE_TOTAL,VE_FORMS,PVH_INVL,PEDS,PERNOTMVIT,PERMVIT,PERSONS,COUNTY,CITY,DAY,MONTH,YEAR,DAY_WEEK,HOUR,MINUTE,NHS,RUR_URB,FUNC_SYS,RD_OWNER,ROUTE,TWAY_ID,TWAY_ID2,MILEPT,LATITUDE,LONGITUD,SP_JUR,HARM_EV,MAN_COLL,RELJCT1,RELJCT2,TYP_INT,WRK_ZONE,REL_ROAD,LGT_COND,WEATHER1,WEATHER2,WEATHER,SCH_BUS,RAIL,NOT_HOUR,NOT_MIN,ARR_HOUR,ARR_MIN,HOSP_HR,HOSP_MN,CF1,CF2,CF3,FATALS,DRUNK_DR
8,80187,2,2,0,0,0,3,3,1,110,8,6,2016,4,16,49,0,2,4,4,6,E 56TH AVE,,0,39.79832500,-104.680194440000,0,12,6,0,1,1,0,1,1,98,0,98,0,0000000,16,51,16,59,17,32,0,0,0,1,2
8,80188,3,3,0,0,0,3,3,13,1540,9,6,2016,5,11,2,0,2,4,4,6,96TH ST,,0,39.95935000,-105.128083330000,0,12,8,0,1,1,0,1,1,98,0,98,0,0000000,11,2,11,5,99,99,0,0,0,1,1
8,80189,3,3,0,0,0,3,3,5,110,10,6,2016,6,18,47,1,2,3,1,3,SR-30  E 6TH AVE,I-225 OFF RAMP,100,39.72535278,-104.823416670000,0,12,7,1,3,2,0,1,1,98,0,98,0,0000000,18,47,18,50,19,5,0,0,0,1,0
8,80190,2,2,0,0,0,3,3,1,230,11,6,2016,7,10,56,0,2,4,4,6,E BROMLEY LN,S 48TH AVE,0,39.97234167,-104.756744440000,0,12,6,0,2,3,0,1,1,98,0,98,0,0000000,10,56,11,1,11,54,0,0,0,1,0
8,80191,1,1,0,1,1,1,1,31,600,12,6,2016,1,1,27,1,2,3,4,6,E 1ST AVE,N GILPIN ST,0,39.71821389,-104.966800000000,0,9,0,0,2,2,0,1,3,1,0,1,0,0000000,1,38,1,44,88,88,0,0,0,1,0
8,80192,1,1,0,0,0,1,1,109,0,12,6,2016,1,14,30,0,1,5,1,3,SR-114,,321,38.21000000,-106.561000000000,0,1,0,0,1,1,0,4,1,98,0,98,0,0000000,14,45,15,5,88,88,0,0,0,1,0
8,80193,1,1,0,0,0,2,2,75,0,12,6,2016,1,15,8,1,1,1,1,1,I-76,,1112,40.45336111,-103.304791670000,0,1,0,0,1,1,0,3,1,98,0,98,0,0000000,15,8,99,99,99,99,0,0,0,1,0
8,80194,2,2,0,0,0,5,5,1,2427,12,6,2016,1,22,6,0,2,4,4,6,HURON ST,W 91ST AVE,0,39.86122778,-104.996577780000,0,12,6,0,2,2,0,1,3,98,0,98,0,0000000,22,7,22,10,22,34,0,0,0,1,1
8,80195,5,2,3,0,0,3,3,13,0,14,6,2016,3,10,5,1,1,3,1,2,US-287,CR-NIWOT RD,3114,40.10236111,-105.102977780000,0,12,6,0,2,3,0,1,1,98,0,98,0,0000000,10,9,10,15,88,88,14,0,0,1,0
8,80196,2,2,0,0,0,4,4,69,0,14,6,2016,3,21,40,0,2,4,2,4,CR-38E,,0,40.52848889,-105.137819440000,0,12,2,0,1,1,0,1,2,1,0,1,0,0000000,99,99,99,99,99,99,14,0,0,1,0
8,80197,1,1,0,1,1,1,1,123,1070,14,6,2016,3,23,20,1,2,3,1,2,US-34,17TH AVE,1117,40.39208889,-104.706638890000,0,8,0,0,3,3,0,1,3,98,0,98,0,0000000,23,21,23,25,23,36,0,0,0,1,0
8,80198,1,1,0,0,0,1,1,1,2550,3,6,2016,6,21,4,0,2,7,4,6,MOWRY PL,,0,39.86847222,-105.028000000000,0,1,0,0,1,1,0,1,3,98,0,98,0,0000000,21,5,21,8,21,27,0,0,0,1,0
8,80199,1,1,0,0,0,4,4,41,430,15,6,2016,4,22,52,0,2,7,4,6,N CHELTON RD,,0,38.87388889,-104.780166670000,0,42,0,0,1,1,0,4,3,98,0,98,0,0000000,22,52,22,58,99,99,0,0,0,1,1
8,80200,1,1,0,0,0,3,3,63,0,16,6,2016,5,15,35,1,1,1,1,1,I-70,,4265,39.29408889,-102.470405560000,0,31,0,0,1,1,0,3,1,98,0,98,0,0000000,15,36,15,45,15,56,0,0,0,1,0
8,80201,1,1,0,1,1,1,1,5,110,19,6,2016,1,0,57,1,2,3,1,2,US-40  E COLFAX AVE,,3060,39.74013889,-104.839972220000,0,8,0,0,1,1,0,1,3,98,0,98,0,0000000,0,58,1,0,1,11,0,0,0,1,0
8,80202,1,1,0,0,0,1,1,41,0,19,6,2016,1,12,30,1,2,1,1,1,I-25 RAMP E,,1605,39.08863889,-104.864977780000,0,1,0,1,5,1,0,1,1,98,0,98,0,0000000,99,99,99,99,99,99,0,0,0,1,1
8,80203,1,1,0,0,0,2,2,43,0,18,6,2016,7,14,26,1,1,3,1,2,US-50,,2933,38.40182222,-104.982302780000,0,59,0,0,1,1,0,3,1,98,0,98,0,0000000,99,99,99,99,99,99,0,0,0,1,0
8,80204,1,1,0,0,0,1,1,123,0,20,6,2016,2,10,15,1,1,1,1,1,I-25,,2957,40.95413889,-104.924500000000,0,17,0,0,1,1,0,4,1,98,0,98,0,0000000,99,99,99,99,88,88,0,0,0,1,0
8,80205,2,2,0,0,0,2,2,125,0,20,6,2016,2,13,10,0,1,7,2,4,CR-G,CR-35,0,40.07520000,-102.700533330000,0,12,6,0,2,2,0,1,1,98,0,98,0,0000000,13,10,99,99,99,99,0,0,0,1,0
8,80206,1,1,0,0,0,3,3,87,0,20,6,2016,2,16,24,1,1,1,1,1,I-76,,851,40.26758333,-103.708472220000,0,1,0,0,1,1,0,4,1,98,0,98,0,0000000,99,99,99,99,99,99,0,0,0,1,0
8,80207,1,1,0,0,0,1,1,37,0,20,6,2016,2,19,59,1,1,1,1,1,I-70,,1415,39.65397222,-106.919316670000,0,1,0,0,1,1,0,3,1,98,0,98,0,0000000,99,99,99,99,88,88,0,0,0,1,0
8,80208,2,2,0,0,0,4,4,41,430,20,6,2016,2,22,7,1,2,3,4,6,N ACADEMY BLVD,,0,38.87200000,-104.757208330000,0,12,2,0,8,1,0,1,3,98,0,98,0,0000000,22,7,22,12,99,99,0,0,0,1,1
8,80209,1,1,0,1,1,1,1,31,600,21,6,2016,3,0,49,1,2,3,1,2,US-40  E COLFAX AVE,,3016,39.74011111,-104.923250000000,0,9,0,0,1,1,0,1,3,98,0,98,0,0000000,0,49,0,55,1,8,0,0,0,1,0
8,80210,2,2,0,0,0,5,5,75,0,21,6,2016,3,18,35,0,1,4,1,3,SR-113,,81,40.85094722,-103.115319440000,0,12,2,0,1,1,0,1,1,98,0,98,0,0000000,99,99,99,99,99,99,0,0,0,1,1
8,80211,1,1,0,0,0,5,5,77,1040,13,6,2016,2,16,39,0,2,7,2,4,CR-26 3/8,,0,39.04010278,-108.569963890000,0,5,0,0,1,1,0,1,1,98,0,98,0,0000000,16,40,16,45,16,58,0,0,0,1,0
8,80212,2,2,0,0,0,3,3,123,1070,15,6,2016,4,18,13,0,2,5,1,3,SR-257,CR-54,32,40.37792222,-104.869777780000,0,12,6,0,2,2,0,1,1,98,0,98,0,0000000,18,14,18,21,88,88,0,0,0,1,0
8,80213,2,2,0,0,0,4,4,123,0,22,6,2016,4,8,30,0,1,5,2,4,CR-13,CR-34,0,40.23370000,-104.941733330000,0,12,6,0,2,2,0,1,1,98,0,98,0,0000000,8,33,8,40,9,14,0,0,0,1,0
8,80214,3,3,0,0,0,4,4,59,80,21,6,2016,3,15,6,1,2,3,1,3,SR-121  WADSWORTH BLVD,W 79TH AVE,206,39.83997222,-105.081822220000,0,12,1,0,3,3,0,1,1,98,0,98,0,0000000,15,6,15,12,15,40,0,0,0,2,0
8,80215,2,2,0,0,0,2,2,77,0,22,6,2016,4,23,4,0,2,5,2,4,CR-E 1/2,,0,39.08458056,-108.474736110000,0,1,0,0,8,1,0,1,2,98,0,98,0,0000000,99,99,99,99,88,88,0,0,0,1,1
8,80216,1,1,0,0,0,1,1,101,2050,10,6,2016,6,21,6,1,2,1,1,1,I-25 RAMP D,,989,38.27263889,-104.604555560000,0,1,0,1,5,1,0,1,3,98,0,98,0,0000000,21,6,21,10,21,26,0,0,0,1,0
8,80217,2,2,0,0,0,2,2,75,0,13,6,2016,2,14,9,0,1,6,2,4,CR-43.9,CR-34,0,40.66991667,-103.174319440000,0,12,6,0,2,2,0,1,1,98,0,98,0,0000000,99,99,99,99,99,99,0,0,0,1,0
8,80218,1,1,0,1,1,1,1,31,600,12,6,2016,1,21,11,0,2,4,4,6,E 20TH AVE,PARK AVE WEST,0,39.74765000,-104.978355560000,0,8,0,0,3,7,0,1,3,98,0,98,0,0000000,21,12,21,13,21,27,0,0,0,1,0
8,80219,1,1,0,0,0,2,2,77,0,24,6,2016,6,20,18,0,1,7,2,4,CR-J,,0,39.14985000,-108.586666670000,0,23,0,0,1,1,0,4,2,98,0,98,0,0000000,99,99,99,99,88,88,0,0,0,2,1
8,80220,2,2,0,0,0,9,9,125,0,25,6,2016,7,7,55,1,1,3,1,2,US-385,CR-12,2195,39.74607500,-102.255805560000,0,12,6,0,2,2,0,1,1,98,0,98,0,0000000,99,99,99,99,99,99,0,0,0,1,0
8,80221,2,2,0,0,0,5,5,15,0,25,6,2016,7,13,17,1,1,3,1,2,US-285,CR-140,1280,38.53577778,-106.079711110000,0,1,0,0,3,2,0,1,1,98,0,98,0,0000000,99,99,99,99,99,99,14,0,0,1,0
8,80222,1,1,0,1,1,2,2,13,0,25,6,2016,7,17,14,0,2,4,2,4,CR-JAY RD,CR-30TH ST,0,40.05110278,-105.255055560000,0,9,0,0,3,2,0,1,1,98,0,98,0,0000000,17,14,17,20,88,88,0,0,0,1,1
8,80223,1,1,0,0,0,6,6,71,0,26,6,2016,1,9,45,0,1,5,2,4,CR-75.1,,0,37.21670000,-104.464541670000,0,10,0,0,6,1,0,1,1,98,0,98,0,003324M,99,99,99,99,99,99,0,0,0,5,1
8,80224,1,1,0,0,0,1,1,111,0,26,6,2016,1,16,20,1,1,3,1,2,US-550,,591,37.71663889,-107.755286110000,0,1,0,0,1,1,0,1,1,98,0,98,0,0000000,99,99,99,99,99,99,0,0,0,1,0
8,80225,1,1,0,1,1,2,2,13,1530,21,6,2016,3,12,13,0,2,4,4,6,17TH AVE,GAY ST,0,40.18863611,-105.110133330000,0,9,0,0,3,2,0,1,1,98,0,98,0,0000000,12,13,12,18,12,27,16,0,0,1,0
8,80226,2,2,0,0,0,3,3,123,1522,18,6,2016,7,10,21,1,1,1,1,1,I-76,,265,40.01544444,-104.698738890000,0,12,1,0,1,1,0,1,1,98,0,98,0,0000000,10,21,10,22,99,99,27,0,0,1,1
8,80227,1,1,0,1,1,3,3,69,860,28,6,2016,3,9,58,0,2,7,4,6,PATTON ST,ELIZABETH ST,0,40.57423889,-105.054444440000,0,8,0,0,3,3,0,1,1,98,0,98,0,0000000,9,58,10,1,10,38,0,0,0,1,0
8,80228,1,1,0,0,0,1,1,41,430,28,6,2016,3,22,58,1,2,3,4,6,DUBLIN BLVD,,0,38.92718056,-104.791413890000,0,33,0,0,1,1,0,4,3,98,0,98,0,0000000,22,58,23,1,88,88,0,0,0,1,1
8,80229,1,1,0,1,1,2,2,109,0,29,6,2016,4,12,0,0,1,6,2,4,CR-LL56,,0,38.22750000,-106.098022220000,0,8,0,0,8,1,0,1,1,98,0,98,0,0000000,12,16,12,45,13,15,0,0,0,1,0
8,80230,1,1,0,0,0,1,1,69,0,20,6,2016,2,19,22,0,2,4,2,4,CR-OVERLAND TRAIL,,0,40.62130556,-105.139558330000,0,24,0,0,1,1,0,4,1,98,0,98,0,0000000,99,99,99,99,99,99,0,0,0,1,1
8,80231,2,2,0,0,0,3,3,59,80,25,6,2016,7,10,45,1,2,3,1,3,SR-121  WADSWORTH BLVD,POMONA DR,210,39.84688889,-105.081733330000,0,12,1,0,3,2,0,1,1,98,0,98,0,0000000,99,99,99,99,99,99,0,0,0,1,0
8,80232,1,1,0,0,0,1,1,41,430,25,6,2016,7,12,59,0,2,4,4,6,N WAHSATCH AVE,E BIJOU ST,0,38.83647222,-104.817805560000,0,1,0,0,2,2,0,1,1,98,0,98,0,0000000,13,0,99,99,99,99,0,0,0,1,0
8,80233,2,2,0,0,0,3,3,123,780,19,6,2016,1,21,29,0,2,4,4,6,37TH ST,,0,40.37775833,-104.786172220000,0,12,2,0,1,1,0,1,2,98,0,98,0,0000000,21,30,21,37,22,15,0,0,0,1,1
8,80234,2,2,0,0,0,2,2,31,600,27,6,2016,2,9,55,0,2,4,4,6,W YALE AVE,,0,39.66772222,-105.075111110000,0,12,1,0,1,1,0,1,1,98,0,98,0,0000000,99,99,99,99,99,99,0,0,0,1,1
8,80235,2,2,0,0,0,2,2,123,9997,1,7,2016,6,5,6,0,2,7,2,4,CR-4,CR-27,0,40.01492222,-104.812150000000,0,12,6,0,2,2,0,1,4,98,0,98,0,0000000,5,9,5,9,6,4,0,0,0,1,0
8,80236,1,1,0,0,0,5,5,1,434,1,7,2016,6,20,5,0,2,4,1,2,US-6  VASQUEZ BLVD,,2921,39.79291667,-104.939738890000,0,24,0,0,1,1,0,3,5,1,0,1,0,0000000,20,5,20,9,20,17,0,0,0,1,1
8,80237,1,1,0,0,0,1,1,123,0,2,7,2016,7,7,30,0,1,7,2,4,CR-20,,0,40.13098333,-104.178955560000,0,1,0,0,1,1,0,4,1,98,0,98,0,0000000,99,99,99,99,88,88,0,0,0,1,1
8,80238,1,1,0,0,0,1,1,15,0,4,7,2016,2,5,36,0,1,7,2,4,CR-398,,0,39.05398611,-106.303988890000,0,1,0,0,1,1,0,4,2,98,0,98,0,0000000,99,99,99,99,88,88,0,0,0,1,1
8,80239,2,2,0,0,0,3,3,85,0,6,7,2016,4,8,50,1,2,3,1,2,US-550,,1252,38.42470000,-107.859138890000,0,12,2,0,1,1,0,2,1,1,0,1,0,0000000,8,50,9,0,99,99,0,0,0,1,0
8,80240,2,2,0,0,0,2,2,5,110,7,7,2016,5,8,36,0,2,5,4,6,S GARTRELL RD,SR-470 RAMP N,89,39.57854167,-104.724483330000,0,1,0,1,2,2,0,1,1,98,0,98,0,0000000,8,36,8,41,9,3,14,0,0,1,0
8,80241,1,1,0,0,0,1,1,59,0,9,7,2016,7,11,30,0,1,4,1,2,US-6,,2669,39.74638889,-105.302541670000,0,24,0,0,1,1,0,4,1,98,0,98,0,0000000,99,99,99,99,88,88,0,0,0,1,0
8,80242,1,1,0,0,0,1,1,35,1529,9,7,2016,7,19,27,1,1,1,1,1,I-25 RAMP B,,1920,39.52138889,-104.865958330000,0,1,0,1,5,1,0,10,1,98,0,98,0,0000000,19,27,19,31,19,43,0,0,0,1,1
8,80243,1,1,0,0,0,1,1,41,0,10,7,2016,1,5,35,1,1,3,1,2,US-24,,3385,39.02805556,-104.318638890000,0,1,0,0,1,1,0,4,4,98,0,98,0,0000000,99,99,99,99,88,88,0,0,0,1,1
8,80244,2,2,0,0,0,2,2,105,0,10,7,2016,1,12,15,0,1,5,2,4,CR-5N,CR-5E,0,37.64733333,-106.057000000000,0,12,1,0,3,2,0,1,1,98,0,98,0,0000000,12,19,12,32,88,88,14,0,0,1,0
8,80245,2,2,0,0,0,2,2,43,0,12,7,2016,3,9,20,1,2,3,1,2,US-50,,2767,38.44625556,-105.252141670000,0,12,1,0,8,1,0,1,1,98,0,98,0,0000000,99,99,99,99,99,99,0,0,0,1,0
8,80246,3,3,0,0,0,6,6,65,0,10,7,2016,1,17,25,0,1,4,1,3,SR-91,,64,39.32838889,-106.219025000000,0,12,8,0,1,1,0,1,1,98,0,98,0,0000000,99,99,99,99,99,99,0,0,0,1,0
8,80247,2,2,0,0,0,3,3,59,1435,10,7,2016,1,20,52,1,2,2,1,2,US-6  W 6TH AVE,,2766,39.72531389,-105.161216670000,0,12,1,1,18,1,0,1,5,98,0,98,0,0000000,20,52,20,59,88,88,0,0,0,1,0
8,80248,1,1,0,0,0,1,1,123,750,11,7,2016,2,13,50,1,1,3,1,3,SR-52,,97,40.08731667,-105.008555560000,0,35,0,0,1,1,0,4,1,1,0,1,0,0000000,99,99,99,99,88,88,0,0,0,1,0
8,80249,1,1,0,0,0,5,5,37,0,11,7,2016,2,16,0,1,1,1,1,1,I-70,,1519,39.69477778,-106.742530560000,0,1,0,0,1,1,0,4,1,98,0,98,0,0000000,16,1,16,10,99,99,0,0,0,2,0
8,80250,1,1,0,0,0,1,1,59,0,10,7,2016,1,16,48,0,1,6,2,4,CR-S FOXTON RD,,0,39.49170833,-105.268058330000,0,1,0,0,1,1,0,5,1,98,0,98,0,0000000,99,99,99,99,88,88,0,0,0,1,0
8,80251,1,1,0,0,0,1,1,35,1529,1,7,2016,6,12,23,1,2,2,1,3,SR-470  C-470,,246,39.56423056,-104.896888890000,0,25,0,0,1,1,0,3,1,98,0,98,0,0000000,12,23,12,33,12,58,0,0,0,1,0
8,80252,1,1,0,0,0,1,1,57,0,14,7,2016,5,15,50,0,1,4,1,3,SR-14,,264,40.66333333,-106.393527780000,0,35,0,0,1,1,0,4,1,98,0,98,0,0000000,15,56,16,3,88,88,0,0,0,1,1
8,80253,2,2,0,0,0,2,2,63,0,14,7,2016,5,20,45,1,1,3,1,2,US-385,,1799,39.18484167,-102.276461110000,0,12,2,0,1,1,0,1,5,1,0,1,0,0000000,99,99,99,99,88,88,0,0,0,1,1
8,80254,2,2,0,0,0,2,2,13,0,15,7,2016,6,11,50,1,1,3,1,2,US-287,,3135,40.13240833,-105.102630560000,0,12,2,0,1,1,0,1,1,98,0,98,0,0000000,99,99,99,99,99,99,0,0,0,2,0
8,80255,1,1,0,0,0,2,2,107,0,15,7,2016,6,11,52,1,1,3,1,2,US-40,,1236,40.48403889,-106.980277780000,0,59,0,0,1,1,0,4,1,98,0,98,0,0000000,99,99,99,99,99,99,0,0,0,1,0
8,80256,2,2,0,0,0,3,3,79,0,15,7,2016,6,17,55,1,1,3,1,2,US-160,,1682,37.47644444,-106.784988890000,0,12,7,0,1,1,1,1,1,98,0,98,0,0000000,17,58,18,15,18,55,0,0,0,1,1
8,80257,1,1,0,0,0,1,1,119,0,16,7,2016,7,21,0,0,1,5,2,4,CR-82,,0,38.75315278,-105.157944440000,0,1,0,0,1,1,0,4,2,98,0,98,0,0000000,99,99,99,99,88,88,0,0,0,1,1
8,80258,1,1,0,0,0,1,1,15,0,17,7,2016,1,1,55,1,1,3,1,2,US-285,,1422,38.73512222,-106.085819440000,0,31,0,0,1,1,0,4,2,98,0,98,0,0000000,2,5,2,15,88,88,0,0,0,1,1
8,80259,1,1,0,0,0,2,2,113,0,17,7,2016,1,15,7,1,1,3,1,3,SR-145,,659,37.88071389,-107.887491670000,0,24,0,0,1,1,0,4,1,1,0,1,0,0000000,15,7,15,16,99,99,0,0,0,1,0
8,80260,1,1,0,0,0,1,1,19,0,17,7,2016,1,17,35,0,1,5,1,3,SR-103,,6,39.73565556,-105.526677780000,0,31,0,0,1,1,0,4,1,98,0,98,0,0000000,17,37,17,38,88,88,0,0,0,1,1
8,80261,2,2,0,0,0,5,5,5,345,9,7,2016,7,11,43,0,2,4,4,6,S PEORIA ST,E EASTER AVE,0,39.58822222,-104.848266670000,0,12,6,0,2,2,0,1,1,98,0,98,0,0000000,11,43,11,46,12,0,0,0,0,1,0
8,80262,1,1,0,2,2,1,1,31,600,13,7,2016,4,13,32,0,2,4,4,6,E YALE WAY,,0,39.66740556,-104.946708330000,0,8,0,0,1,1,0,2,1,98,0,98,0,0000000,13,32,13,38,13,53,0,0,0,1,0
8,80263,2,2,0,0,0,3,3,59,80,17,7,2016,1,19,28,0,2,4,4,6,W 82ND AVE,QUAKER ST,0,39.84470000,-105.184077780000,0,12,6,0,2,3,0,1,1,98,0,98,0,0000000,19,31,19,36,88,88,0,0,0,1,2
8,80264,2,2,0,0,0,3,3,59,1435,13,7,2016,4,10,18,1,2,3,1,3,SR-391  S KIPLING PKWY,SR-8  W MORRISON RD,10,39.66756944,-105.113633330000,0,12,6,0,2,2,0,1,1,98,0,98,0,0000000,10,20,10,25,10,56,0,0,0,1,0
8,80265,1,1,0,0,0,1,1,31,600,18,7,2016,2,20,20,1,2,1,1,1,I-270,,48,39.78013889,-104.898333330000,0,1,0,0,1,1,0,3,5,98,0,98,0,0000000,20,22,20,34,88,88,0,0,0,1,1
8,80266,1,1,0,0,0,1,1,69,860,18,7,2016,2,22,44,1,2,3,1,2,US-287  COLLEGE AVE,,3450,40.56322778,-105.077155560000,0,33,0,0,1,1,0,4,3,98,0,98,0,0000000,22,44,22,58,23,13,0,0,0,1,0
8,80267,1,1,0,1,1,1,1,31,600,18,7,2016,2,22,0,0,2,4,4,6,N QUEBEC ST,,0,39.75083333,-104.903477780000,0,8,0,0,1,1,0,1,3,1,0,1,0,0000000,22,2,22,10,88,88,0,0,0,1,0
8,80268,2,2,0,0,0,3,3,1,2427,20,7,2016,4,12,50,1,2,3,1,3,SR-7  160TH AVE,HOLLY ST,718,39.98627222,-104.922050000000,0,12,6,0,2,2,0,1,1,98,0,98,0,0000000,12,53,12,57,13,42,0,0,0,1,0
8,80269,1,1,0,0,0,1,1,123,0,21,7,2016,5,14,55,0,1,6,2,4,CR-19,,0,40.51538889,-104.888888890000,0,1,0,0,1,1,0,1,1,98,0,98,0,0000000,99,99,99,99,99,99,0,0,0,1,1
8,80270,3,3,0,0,0,5,5,91,0,21,7,2016,5,15,30,1,1,3,1,2,US-550,,1157,38.30736111,-107.773119440000,0,12,8,0,1,1,0,1,1,98,0,98,0,0000000,15,37,15,53,99,99,0,0,0,1,0
8,80271,1,1,0,0,0,3,3,117,0,22,7,2016,6,22,12,1,1,1,1,1,I-70 RAMP T,,2087,39.65213889,-106.015633330000,0,42,0,0,5,1,0,8,2,98,0,98,0,0000000,99,99,99,99,99,99,0,0,0,3,0
8,80272,2,2,0,0,0,4,4,1,434,22,7,2016,6,23,59,0,2,4,4,6,E 88TH AVE,I-76 WB ON RAMP,0,39.85806389,-104.913522220000,0,12,6,1,2,2,0,1,3,98,0,98,0,0000000,23,59,0,2,99,99,0,0,0,1,1
8,80273,2,2,0,0,0,2,2,123,0,23,7,2016,7,21,25,1,1,3,1,2,US-85,CR-70,2735,40.49544444,-104.702372220000,0,12,2,0,2,2,0,1,2,98,0,98,0,0000000,99,99,99,99,88,88,0,0,0,2,1
8,80274,1,1,0,0,0,1,1,31,600,24,7,2016,1,18,32,1,2,3,4,6,N HAVANA WAY,,0,39.75777778,-104.857777780000,0,1,0,0,1,1,0,4,1,98,0,98,0,0000000,18,33,18,39,18,51,0,0,0,1,1
8,80275,2,2,0,0,0,8,8,35,0,24,7,2016,1,18,40,0,1,5,2,4,CR-PERRY PARK RD,,0,39.24765556,-104.952655560000,0,12,8,0,1,1,0,1,1,98,0,98,0,0000000,18,42,18,48,19,40,0,0,0,1,1
8,80276,1,1,0,0,0,2,2,5,110,24,7,2016,1,22,48,1,2,3,4,6,S CHAMBERS RD,,0,39.61988889,-104.810355560000,0,33,0,0,1,1,0,4,3,98,0,98,0,0000000,22,48,22,55,23,11,0,0,0,1,1
8,80277,4,4,0,0,0,8,8,5,0,24,7,2016,1,20,6,1,2,3,1,3,SR-177  S UNIVERSITY BLVD,US-285  E HAMPDEN AVE,61,39.65337222,-104.959333330000,0,39,0,0,3,2,0,4,3,98,0,98,0,0000000,20,6,99,99,88,88,14,0,0,1,1
8,80278,1,1,0,0,0,1,1,31,600,13,7,2016,4,13,35,0,2,4,4,6,E YALE AVE,,0,39.66763889,-104.950930560000,0,33,0,0,1,1,0,4,1,98,0,98,0,0000000,13,41,13,59,14,35,0,0,0,1,0
8,80279,1,1,0,0,0,1,1,5,110,22,7,2016,6,18,47,1,2,3,1,2,US-40  E COLFAX AVE,N JASPER ST,3074,39.74004167,-104.805388890000,0,1,0,0,2,2,0,1,1,98,0,98,0,0000000,18,47,18,52,19,4,0,0,0,1,0
8,80280,1,1,0,0,0,1,1,59,0,26,7,2016,3,20,34,1,1,3,1,2,US-285,,2410,39.55436111,-105.240577780000,0,1,0,0,1,1,0,3,2,98,0,98,0,0000000,99,99,99,99,88,88,0,0,0,1,1