STATE,ST_CASE,VE_TOTAL,VE_FORMS,PVH_INVL,PEDS,PERNOTMVIT,PERMVIT,PERSONS,COUNTY,CITY,DAY,MONTH,YEAR,DAY_WEEK,HOUR,MINUTE,NHS,RUR_URB,FUNC_SYS,RD_OWNER,ROUTE,TWAY_ID,TWAY_ID2,MILEPT,LATITUDE,LONGITUD,SP_JUR,HARM_EV,MAN_COLL,RELJCT1,RELJCT2,TYP_INT,WRK_ZONE,REL_ROAD,LGT_COND,WEATHER1,WEATHER2,WEATHER,SCH_BUS,RAIL,NOT_HOUR,NOT_MIN,ARR_HOUR,ARR_MIN,HOSP_HR,HOSP_MN,CF1,CF2,CF3,FATALS,DRUNK_DR
8,80281,3,3,0,0,0,5,5,69,0,27,7,2016,4,6,45,1,2,1,1,1,I-25,,2650,40.51923889,-104.992000000000,0,12,6,1,17,1,0,1,1,1,0,1,0,0000000,99,99,99,99,88,88,28,0,0,1,0
8,80282,3,3,0,0,0,3,3,103,0,28,7,2016,5,11,10,0,1,4,1,3,SR-139,,613,39.94415278,-108.759513890000,0,12,7,0,8,1,0,1,1,98,0,98,0,0000000,1,10,99,99,99,99,0,0,0,1,0
8,80283,1,1,0,0,0,3,3,121,0,28,7,2016,5,17,9,0,1,7,2,4,CR-EE,,0,40.22758333,-103.171944440000,0,1,0,0,1,1,0,5,1,98,0,98,0,0000000,17,9,99,99,99,99,0,0,0,1,1
8,80284,2,1,1,0,0,1,1,59,80,27,7,2016,4,4,47,0,2,5,4,6,CHASE SR,,0,39.84394444,-105.058855560000,0,14,0,0,1,1,0,7,3,98,0,98,0,0000000,4,48,4,55,5,36,0,0,0,1,0
8,80285,2,2,0,0,0,2,2,1,0,28,7,2016,5,3,48,0,2,5,2,4,CR-BANNOCK ST,,0,39.79563889,-104.988116670000,0,33,0,0,1,1,0,3,2,1,0,1,0,0000000,3,47,3,54,4,18,14,0,0,1,1
8,80286,1,1,0,0,0,5,5,109,0,29,7,2016,6,8,50,1,1,3,1,2,US-285,,1041,38.24070278,-105.945897220000,0,1,0,0,1,1,0,4,1,98,0,98,0,0000000,8,58,9,10,9,45,0,0,0,2,0
8,80287,2,2,0,0,0,5,5,93,0,29,7,2016,6,18,28,0,1,4,1,3,SR-9,,665,39.23448889,-106.022222220000,0,12,2,0,1,1,0,2,1,98,0,98,0,0000000,99,99,99,99,99,99,0,0,0,1,0
8,80288,1,1,0,0,0,1,1,37,0,29,7,2016,6,20,45,1,1,1,1,1,I-70,,1434,39.65159722,-106.884097220000,0,42,0,0,1,1,0,4,2,98,0,98,0,0000000,21,7,21,7,88,88,0,0,0,1,1
8,80289,2,2,0,0,0,3,3,35,0,30,7,2016,7,15,38,1,1,3,1,2,US-85,,1892,39.43427500,-104.938875000000,0,12,6,0,8,1,0,1,1,1,0,1,0,0000000,99,99,99,99,99,99,0,0,0,1,0
8,80290,3,3,0,0,0,5,5,43,0,30,7,2016,7,17,13,1,1,3,1,2,US-50,,2733,38.48790278,-105.276111110000,0,12,2,0,1,1,0,1,1,98,0,98,0,0000000,99,99,99,99,99,99,0,0,0,1,0
8,80291,1,1,0,0,0,1,1,101,0,31,7,2016,1,11,51,1,1,1,1,1,I-25,,1093,38.42000000,-104.610000000000,0,1,0,0,1,1,0,3,1,98,0,98,0,0000000,99,99,99,99,99,99,0,0,0,1,0
8,80292,1,1,0,0,0,1,1,7,0,31,7,2016,1,20,30,0,1,4,1,3,SR-84,,269,37.25638889,-106.995000000000,0,1,0,0,1,1,0,4,5,98,0,98,0,0000000,99,99,99,99,88,88,0,0,0,1,1
8,80293,1,1,0,0,0,2,2,77,1920,2,7,2016,7,22,6,0,2,4,1,7,US-6 FRONTAGE RD  W 8TH ST,CR-37.1,425,39.10629444,-108.365008330000,0,17,0,0,3,3,0,4,2,2,0,2,0,0000000,22,8,22,13,88,88,0,0,0,2,1
8,80294,1,1,0,0,0,1,1,35,1952,9,7,2016,7,20,32,0,2,7,4,6,HESS RD,,0,39.49280833,-104.805027780000,0,33,0,0,1,1,0,4,2,98,0,98,0,0000000,20,33,20,40,88,88,0,0,0,1,1
8,80295,1,1,0,0,0,1,1,7,0,18,7,2016,2,17,26,0,1,7,2,4,CR-S PAGOSA BLVD,,21,37.23041667,-107.061505560000,0,1,0,0,1,1,0,4,1,98,0,98,0,0000000,99,99,99,99,99,99,0,0,0,1,0
8,80296,1,1,0,0,0,2,2,3,0,22,7,2016,6,4,0,0,1,7,2,4,CR-6 NORTH,,0,37.66208333,-105.926944440000,0,1,0,0,1,1,0,5,2,98,0,98,0,0000000,7,11,7,30,8,0,0,0,0,1,1
8,80297,1,1,0,0,0,1,1,77,1040,14,7,2016,5,22,1,0,2,4,4,6,REDLANDS PKWY,,0,39.09016667,-108.621736110000,0,24,0,0,1,1,0,4,3,98,0,98,0,0000000,22,1,22,4,88,88,0,0,0,1,1
8,80298,1,1,0,0,0,1,1,45,2130,27,7,2016,4,15,44,1,2,1,1,1,I-70,,910,39.52613889,-107.768500000000,0,1,0,0,1,1,0,3,1,1,0,1,0,0000000,15,44,15,50,88,88,0,0,0,1,1
8,80299,1,1,0,0,0,2,2,43,310,21,7,2016,5,13,41,0,1,7,12,4,CR-F24,,5,38.58333611,-105.242777780000,1,42,0,0,1,1,0,4,1,98,0,98,0,0000000,99,99,99,99,99,99,0,0,0,1,1
8,80300,5,5,0,0,0,9,9,123,540,21,7,2016,5,12,10,1,2,3,1,3,SR-52,CHERRY ST,135,40.08783333,-104.937083330000,0,12,1,0,3,3,0,1,1,98,0,98,0,0000000,12,11,12,15,12,33,0,0,0,1,0
8,80301,4,4,0,0,0,4,4,41,890,8,4,2016,6,15,38,1,2,3,1,3,SR-16  MESA RIDGE PKWY,SYRACUSE ST,13,38.72177500,-104.712833330000,0,12,1,0,3,2,0,1,1,98,0,98,0,0000000,15,39,15,42,16,20,0,0,0,1,1
8,80302,1,1,0,1,1,0,0,83,450,24,6,2016,6,8,12,1,2,3,1,2,US-491  N BROADWAY,,272,37.35680556,-108.589288890000,0,33,0,0,1,1,1,4,1,98,0,98,0,0000000,8,12,8,20,8,29,0,0,0,1,0
8,80303,1,1,0,0,0,2,2,45,0,1,8,2016,2,6,15,1,1,1,1,1,I-70,,866,39.51955556,-107.849555560000,0,1,0,0,1,1,0,3,4,98,0,98,0,0000000,99,99,99,99,88,88,0,0,0,2,1
8,80304,2,2,0,0,0,3,3,123,0,1,8,2016,2,12,10,0,1,6,2,4,CR-19,CR-20,0,40.13108333,-104.886127780000,0,12,6,0,2,2,0,1,1,98,0,98,0,0000000,99,99,99,99,99,99,0,0,0,1,0
8,80305,5,5,0,0,0,6,6,1,2427,2,8,2016,3,11,15,1,2,1,1,1,I-25,,2240,39.92786111,-104.987683330000,0,12,7,0,1,1,0,1,1,98,0,98,0,0000000,11,15,11,20,99,99,0,0,0,1,0
8,80306,1,1,0,0,0,1,1,101,0,2,8,2016,3,22,0,0,1,5,1,3,SR-165,,300,37.92355556,-104.904283330000,0,42,0,0,1,1,0,4,2,2,0,2,0,0000000,99,99,99,99,88,88,0,0,0,1,1
8,80307,1,1,0,1,1,1,1,5,110,3,8,2016,4,13,0,1,2,3,1,3,SR-30  S HAVANA ST,E IDAHO PL,54,39.69197778,-104.866066670000,0,15,0,0,3,2,0,1,1,98,0,98,0,0000000,13,0,13,11,13,28,0,0,0,1,0
8,80308,1,1,0,0,0,2,2,31,600,5,8,2016,6,1,9,1,2,1,1,1,I-25 RAMP C,20TH ST,2121,39.76090000,-105.003961110000,0,33,0,1,3,2,0,4,3,98,0,98,0,0000000,1,11,1,13,1,38,0,0,0,2,1
8,80309,1,1,0,1,1,1,1,13,0,7,8,2016,1,9,45,0,1,4,1,2,US-36,,318,40.07410556,-105.284661110000,0,9,0,0,1,1,0,1,1,98,0,98,0,0000000,9,47,10,3,99,99,16,0,0,1,0
8,80310,1,1,0,0,0,1,1,71,0,7,8,2016,1,9,54,1,1,1,1,1,I-25,,4,36.99941667,-104.482583330000,0,1,0,0,1,1,0,3,1,98,0,98,0,0000000,99,99,99,99,88,88,0,0,0,1,1
8,80312,1,1,0,0,0,5,5,69,0,8,8,2016,2,8,25,0,1,4,1,3,SR-14,,856,40.69575000,-105.677222220000,0,1,0,0,1,1,0,4,1,98,0,98,0,0000000,99,99,99,99,99,99,0,0,0,1,0
8,80313,2,1,1,0,3,1,4,77,0,8,8,2016,2,13,5,1,1,3,1,2,US-50,,441,38.95013056,-108.413983330000,0,14,0,0,1,1,0,2,1,2,0,2,0,0000000,13,11,13,29,99,99,0,0,0,1,0
8,80314,1,1,0,0,0,1,1,19,0,10,8,2016,4,19,50,0,1,5,2,4,CR-103,,0,39.67638889,-105.463250000000,0,42,0,0,1,1,0,4,5,98,0,98,0,0000000,99,99,99,99,88,88,0,0,0,1,0
8,80315,2,2,0,0,0,5,5,3,0,6,8,2016,7,18,25,0,1,5,1,3,SR-370,CR-100,60,37.42978889,-106.039338890000,0,12,6,0,2,2,0,1,1,98,0,98,0,0000000,99,99,99,99,99,99,0,0,0,1,0
8,80316,1,1,0,1,1,1,1,123,0,12,8,2016,6,5,19,1,2,1,1,7,I-25 W FRONTAGE RD,,2360,40.10010556,-104.980894440000,0,8,0,0,1,1,0,1,2,1,0,1,0,0000000,99,99,99,99,88,88,0,0,0,1,0
8,80317,1,1,0,0,0,2,2,45,0,13,8,2016,7,3,45,0,1,5,1,2,US-6,,1104,39.57181944,-107.458630560000,0,1,0,0,1,1,0,4,2,98,0,98,0,0000000,99,99,99,99,88,88,0,0,0,2,1
8,80318,1,1,0,0,0,1,1,107,0,14,8,2016,1,6,34,0,1,5,1,3,SR-134,,6,40.06237778,-106.793500000000,0,1,0,0,1,1,0,4,2,98,0,98,0,0000000,6,34,6,56,88,88,0,0,0,1,1
8,80319,2,2,0,0,0,3,3,83,0,14,8,2016,1,15,5,1,1,3,1,3,SR-145,CR-38.1,237,37.58930556,-108.353933330000,0,1,0,0,3,3,0,1,1,98,0,98,0,0000000,99,99,99,99,99,99,14,0,0,1,0
8,80320,1,1,0,0,0,3,3,59,0,14,8,2016,1,22,18,0,1,4,1,2,US-6,,2680,39.74187222,-105.285722220000,0,1,0,0,1,1,0,5,2,98,0,98,0,0000000,99,99,99,99,99,99,0,0,0,1,1
8,80321,1,1,0,0,0,1,1,13,0,13,8,2016,7,5,16,0,1,4,2,4,CR-N 95TH ST,,0,40.04470000,-105.131113890000,0,39,0,0,1,1,0,4,3,98,0,98,0,0000000,99,99,99,99,88,88,0,0,0,1,1
8,80322,1,1,0,0,0,4,4,59,80,17,8,2016,4,17,31,1,2,1,1,1,I-70,,2693,39.78622222,-105.077777780000,0,1,0,1,19,1,0,4,1,98,0,98,0,0000000,17,31,17,40,18,0,0,0,0,1,0
8,80323,1,1,0,1,1,1,1,1,230,19,8,2016,6,6,19,1,2,1,1,1,I-76,,196,39.94200000,-104.785688890000,0,8,0,1,18,1,0,1,3,98,0,98,0,0000000,6,19,6,28,88,88,19,0,0,1,0
8,80324,1,1,0,0,0,2,2,123,0,20,8,2016,7,16,40,0,1,5,2,4,CR-54,,0,40.37785000,-104.920277780000,0,1,0,0,1,1,0,4,1,1,0,1,0,0000000,99,99,99,99,99,99,0,0,0,1,0
8,80325,1,1,0,0,0,1,1,109,0,21,8,2016,1,7,37,0,1,6,2,4,CR-T,,0,37.99338889,-106.033944440000,0,38,0,0,1,1,0,5,2,98,0,98,0,0000000,99,99,99,99,88,88,0,0,0,1,1
8,80326,2,2,0,0,0,4,4,69,0,21,8,2016,1,16,40,0,1,3,1,2,US-34,,810,40.41439444,-105.252805560000,0,12,2,0,1,1,0,1,1,98,0,98,0,0000000,99,99,99,99,99,99,0,0,0,2,0
8,80327,1,1,0,0,0,5,5,113,0,21,8,2016,1,18,25,0,1,4,1,3,SR-145,,925,38.08274444,-108.177058330000,0,42,0,0,1,1,0,4,1,98,0,98,0,0000000,99,99,99,99,99,99,0,0,0,1,0
8,80328,3,3,0,0,0,7,7,41,430,19,8,2016,6,18,47,0,2,3,4,6,E 8TH ST,,0,38.81750000,-104.842013890000,0,12,6,0,1,1,0,1,1,2,0,2,0,0000000,18,47,99,99,99,99,14,0,0,2,1
8,80329,1,1,0,2,2,2,2,5,110,21,8,2016,1,23,56,1,2,3,4,6,E ILIFF AVE,S CHAMBERS RD,0,39.67489444,-104.809711110000,0,8,0,0,3,2,0,1,3,98,0,98,0,0000000,23,57,0,3,0,21,0,0,0,1,1
8,80330,2,2,0,0,0,3,3,69,860,9,8,2016,3,12,19,0,2,5,4,6,BOARDWALK DR,,0,40.52779722,-105.067763890000,0,12,2,0,1,1,0,1,1,98,0,98,0,0000000,12,19,12,24,13,22,0,0,0,1,0
8,80331,1,1,0,1,1,1,1,45,0,18,8,2016,5,22,41,1,1,1,1,1,I-70,,1135,39.56061944,-107.376250000000,0,8,0,0,1,1,0,2,2,98,0,98,0,0000000,99,99,99,99,99,99,23,0,0,1,0
8,80332,2,2,0,0,0,3,3,1,0,20,8,2016,7,16,55,1,2,3,1,2,US-287  FEDERAL BLVD,I-76 WB ON-RAMP,2870,39.80138889,-105.025444440000,0,12,6,1,2,2,0,1,1,1,0,1,0,0000000,99,99,99,99,99,99,0,0,0,1,0
8,80333,2,2,0,0,0,3,3,5,345,22,8,2016,2,0,53,1,2,3,2,6,S BUCKLEY RD,E CRESTLINE AVE,0,39.61812778,-104.791555560000,0,12,6,0,2,2,0,1,3,98,0,98,0,0000000,0,56,1,0,99,99,0,0,0,1,1
8,80334,1,1,0,0,0,2,2,1,0,24,8,2016,4,15,15,1,2,1,1,1,I-76,,77,39.82653333,-104.948055560000,0,1,0,0,1,1,0,3,1,2,0,2,0,0000000,99,99,99,99,99,99,28,0,0,1,0
8,80335,1,1,0,0,0,1,1,59,0,25,8,2016,5,10,20,0,1,4,2,4,CR-126,,0,39.44164444,-105.367366670000,0,34,0,0,1,1,0,4,1,98,0,98,0,0000000,99,99,99,99,88,88,0,0,0,1,0
8,80336,2,2,0,0,0,3,3,123,1070,26,8,2016,6,15,16,0,2,4,4,6,20TH ST,,0,40.40664167,-104.727972220000,0,12,7,0,1,1,0,1,1,98,0,98,0,0000000,15,18,15,21,15,27,0,0,0,1,0
8,80337,2,2,0,0,0,2,2,5,110,31,8,2016,4,20,14,0,2,4,4,6,E QUINCY AVE,S GENOA ST,0,39.63860000,-104.756750000000,0,12,6,0,2,3,0,1,3,98,0,98,0,0000000,20,14,20,17,20,44,0,0,0,1,0
8,80338,1,1,0,0,0,2,2,45,0,27,8,2016,7,8,1,1,1,1,1,1,I-70,,969,39.54572222,-107.663333330000,0,1,0,0,1,1,0,3,1,98,0,98,0,0000000,8,2,8,2,88,88,0,0,0,1,1
8,80339,1,1,0,0,0,1,1,14,253,27,8,2016,7,8,46,0,2,7,4,6,W FLATIRON CROSSING DR,,0,39.93694444,-105.136677780000,0,33,0,0,1,1,0,4,1,98,0,98,0,0000000,8,46,8,56,88,88,0,0,0,1,0
8,80340,2,2,0,0,0,4,4,69,860,28,8,2016,1,2,31,0,2,4,4,6,W ELIZABETH ST,,0,40.57468333,-105.098950000000,0,12,6,0,8,1,0,1,3,98,0,98,0,0000000,2,32,99,99,99,99,0,0,0,1,1
8,80341,3,3,0,0,0,3,3,51,0,29,8,2016,2,7,58,1,1,3,1,2,US-50,,1242,38.41366944,-107.407388890000,0,1,0,0,1,1,0,1,1,1,0,1,0,0000000,7,58,8,7,88,88,0,0,0,1,0
8,80342,2,2,0,0,0,2,2,5,0,28,8,2016,1,16,30,1,1,1,1,1,I-70,,2935,39.73826389,-104.635930560000,0,31,0,0,1,1,0,3,1,98,0,98,0,0000000,16,33,99,99,88,88,14,0,0,1,1
8,80343,2,2,0,0,0,2,2,23,0,29,8,2016,2,5,40,1,1,3,1,2,US-160,,2592,37.42758611,-105.414363890000,0,12,2,0,1,1,0,1,2,98,0,98,0,0000000,5,44,5,59,99,99,0,0,0,1,0
8,80344,1,1,0,0,0,2,2,19,0,29,8,2016,2,2,19,1,1,1,1,1,I-70 RAMP B,,2161,39.68164444,-105.888888890000,0,35,0,1,5,1,0,4,2,98,0,98,0,0000000,2,21,2,36,99,99,0,0,0,1,0
8,80345,1,1,0,0,0,3,3,67,0,29,8,2016,2,4,30,1,1,3,1,2,US-160,,967,37.22531944,-107.701388890000,0,31,0,0,1,1,0,4,2,98,0,98,0,0000000,4,51,5,1,5,20,0,0,0,1,1
8,80346,1,1,0,0,0,1,1,75,2370,30,8,2016,3,12,39,1,2,1,1,1,I-76,,1253,40.62708333,-103.166472220000,0,31,0,0,1,1,0,3,1,2,0,2,0,0000000,12,39,99,99,88,88,0,0,0,1,0
8,80347,1,1,0,1,1,1,1,31,600,31,8,2016,4,19,35,1,2,3,4,6,E 1ST AVE,N DOWNING ST,0,39.71820000,-104.973130560000,0,8,0,0,3,2,0,1,5,98,0,98,0,0000000,19,36,19,39,20,13,0,0,0,1,1
8,80348,2,2,0,0,0,3,3,1,2427,26,8,2016,6,22,55,0,2,4,4,6,WASHINGTON ST,E 136TH AVE,0,39.94294444,-104.978300000000,0,12,6,0,2,2,0,1,3,98,0,98,0,0000000,22,55,23,0,23,29,0,0,0,2,0
8,80349,2,2,0,0,0,2,2,1,110,4,8,2016,5,13,2,0,2,5,4,6,E 64TH AVE,N DUNKIRK ST,0,39.81295833,-104.762558330000,0,12,6,0,2,2,0,1,1,98,0,98,0,0000000,12,56,13,3,13,30,0,0,0,1,0
8,80350,1,1,0,1,1,1,1,31,600,28,8,2016,1,20,50,1,2,3,1,3,SR-26  W ALAMEDA AVE,,122,39.71114722,-105.034588890000,0,8,0,0,1,1,0,1,3,98,0,98,0,0000000,20,52,21,0,88,88,0,0,0,1,0
8,80351,1,1,0,1,1,1,1,69,1550,5,8,2016,6,9,57,0,2,4,4,6,N TAFT AVE,W 22ND ST,0,40.41436111,-105.097005560000,0,8,0,0,3,3,0,1,1,98,0,98,0,0000000,9,58,10,0,10,13,0,0,0,1,0
8,80352,6,6,0,0,0,11,11,35,1952,27,8,2016,7,18,33,1,2,3,1,3,SR-83  PARKER RD,,574,39.48700000,-104.759083330000,0,12,8,0,1,1,0,1,1,98,0,98,0,0000000,18,34,18,37,18,56,14,0,0,1,1
8,80353,1,1,0,1,1,1,1,85,1700,3,8,2016,4,20,35,0,2,4,4,6,E MAIN ST,,0,38.48508611,-107.868672220000,0,8,0,0,1,1,0,1,3,98,0,98,0,0000000,20,36,20,38,20,47,0,0,0,1,0
8,80354,1,1,0,1,1,1,1,123,810,26,8,2016,6,17,0,1,2,3,1,3,SR-119,CR-5,614,40.16063889,-105.017852780000,0,8,0,0,3,3,1,1,1,98,0,98,0,0000000,99,99,99,99,99,99,0,0,0,1,0
8,80355,1,1,0,1,1,1,1,59,1000,23,3,2016,4,1,34,0,2,4,1,2,US-40  W COLFAX AVE,,2863,39.72126389,-105.198177780000,0,8,0,0,1,1,0,1,2,2,0,2,0,0000000,1,34,1,41,88,88,0,0,0,1,0
8,80356,4,4,0,0,0,6,6,59,1000,7,6,2016,3,16,16,1,2,1,1,1,I-70,,2609,39.72436111,-105.181172220000,0,12,1,1,18,1,0,1,1,98,0,98,0,0000000,16,16,99,99,99,99,28,0,0,1,0
8,80357,2,2,0,0,0,2,2,69,1550,22,8,2016,2,22,8,1,2,3,1,2,US-34  E EISENHOWER BLVD,,974,40.40723056,-104.972450000000,0,12,2,0,1,1,0,1,2,98,0,98,0,0000000,22,8,22,17,88,88,0,0,0,2,2
8,80358,2,2,0,1,1,4,4,101,0,1,9,2016,5,20,41,1,2,2,1,2,US-50,,3098,38.32404722,-104.702188890000,0,8,0,0,1,1,0,1,2,98,0,98,0,0000000,20,44,20,49,21,3,0,0,0,1,0
8,80359,2,2,0,0,0,2,2,5,110,2,9,2016,6,19,11,1,2,3,4,6,S PEORIA ST,E LOUISIANA AVE,0,39.69291667,-104.847147220000,0,12,6,0,2,2,0,1,5,98,0,98,0,0000000,19,12,19,14,19,32,0,0,0,1,1
8,80360,2,2,0,0,0,7,7,49,0,3,9,2016,7,19,20,1,1,3,1,2,US-40,,2203,39.99769722,-105.895725000000,0,12,2,0,1,1,0,1,1,98,0,98,0,0000000,99,99,99,99,99,99,0,0,0,1,1
8,80361,1,1,0,0,0,1,1,67,0,4,9,2016,1,17,12,0,1,5,1,3,SR-172,,66,37.08996111,-107.627847220000,0,1,0,0,1,1,0,1,1,98,0,98,0,0000000,99,99,99,99,88,88,0,0,0,1,1
8,80362,3,3,0,0,0,3,3,31,600,4,9,2016,1,21,13,1,2,3,1,2,US-40  W COLFAX AVE,,2968,39.74036111,-105.013966670000,0,12,7,1,18,1,0,1,3,98,0,98,0,0000000,21,13,21,18,88,88,0,0,0,1,1
8,80363,1,1,0,1,1,1,1,1,110,4,9,2016,1,22,43,0,2,4,4,6,E MONTVIEW BLVD,N DAYTON ST,0,39.74741389,-104.875363890000,0,8,0,0,3,2,0,1,3,98,0,98,0,0000000,22,43,22,48,23,1,0,0,0,1,1
8,80364,2,2,0,0,0,2,2,81,0,5,9,2016,2,1,28,1,1,3,1,2,US-40,,964,40.53172222,-107.449838890000,0,31,0,0,1,1,0,4,2,98,0,98,0,0000000,1,31,1,42,88,88,14,0,0,1,1
8,80365,3,3,0,0,0,3,3,35,0,5,9,2016,2,14,33,1,1,3,1,3,SR-83,,440,39.29505000,-104.736105560000,0,12,1,0,8,1,0,1,1,1,0,1,0,0000000,99,99,99,99,88,88,0,0,0,1,0
8,80366,1,1,0,0,0,2,2,119,0,5,9,2016,2,15,59,1,1,3,1,2,US-24,,2800,38.95372222,-105.123908330000,0,31,0,0,1,1,0,4,1,98,0,98,0,0000000,99,99,99,99,99,99,0,0,0,1,1
8,80367,1,1,0,1,1,1,1,93,0,5,9,2016,2,15,56,1,1,3,1,2,US-285,,2200,39.41275833,-105.511127780000,0,8,0,0,1,1,0,1,1,98,0,98,0,0000000,99,99,99,99,88,88,0,0,0,1,0
8,80368,1,1,0,0,0,4,4,123,0,5,9,2016,2,16,49,1,1,1,1,1,I-76,,373,40.10991667,-104.552166670000,0,1,0,0,1,1,0,3,1,98,0,98,0,0000000,99,99,99,99,99,99,0,0,0,1,0
8,80369,2,2,0,0,0,4,4,5,110,5,9,2016,2,23,7,1,2,3,1,3,SR-83  S PARKER RD,E TEMPLE DR,683,39.63163889,-104.826277780000,0,12,6,0,2,2,0,1,3,98,0,98,0,0000000,23,7,23,14,23,29,0,0,0,2,1
8,80370,2,2,0,0,0,2,2,5,110,6,9,2016,3,9,42,0,2,4,4,6,E JEWELL AVE,,0,39.68098611,-104.750902780000,0,12,2,0,8,1,0,1,1,98,0,98,0,0000000,9,42,9,46,10,6,0,0,0,1,0
8,80371,1,1,0,0,0,1,1,69,860,1,9,2016,5,0,21,0,2,4,4,6,TIMBERLINE RD,MOUNTAIN VISTA DR,0,40.61020556,-105.029272220000,0,1,0,0,2,3,0,1,2,98,0,98,0,0000000,0,21,0,27,0,52,0,0,0,1,0
8,80372,2,2,0,0,0,3,3,1,1771,6,9,2016,3,5,59,1,2,1,1,1,I-25,,2216,39.89383333,-104.987533330000,0,12,1,0,1,1,0,1,3,98,0,98,0,0000000,6,0,6,5,88,88,0,0,0,1,0
8,80373,1,1,0,0,0,1,1,41,0,8,9,2016,5,21,0,0,1,4,2,4,CR-105,,21,39.09503333,-104.806019440000,0,32,0,0,1,1,0,4,2,98,0,98,0,0000000,99,99,99,99,88,88,0,0,0,1,1
8,80374,1,1,0,2,2,1,1,31,600,8,9,2016,5,5,20,1,2,3,4,6,E 56TH AVE,PENA BLVD RAMPS,0,39.79837222,-104.787794440000,0,8,0,1,3,2,0,1,3,98,0,98,0,0000000,5,22,99,99,99,99,19,0,0,2,0
8,80375,1,1,0,0,0,1,1,89,0,8,9,2016,5,0,51,0,2,5,2,4,CR-AA,,0,37.98263889,-103.520366670000,0,32,0,0,1,1,0,4,2,98,0,98,0,0000000,99,99,99,99,88,88,0,0,0,1,1
8,80376,1,1,0,1,1,1,1,59,1435,9,9,2016,6,7,46,0,2,5,4,6,W 14TH AVE,REED ST,0,39.73843333,-105.074466670000,0,15,0,0,3,2,0,1,1,98,0,98,0,0000000,7,47,7,50,88,88,0,0,0,1,0