STATE,ST_CASE,VE_TOTAL,VE_FORMS,PVH_INVL,PEDS,PERNOTMVIT,PERMVIT,PERSONS,COUNTY,CITY,DAY,MONTH,YEAR,DAY_WEEK,HOUR,MINUTE,NHS,RUR_URB,FUNC_SYS,RD_OWNER,ROUTE,TWAY_ID,TWAY_ID2,MILEPT,LATITUDE,LONGITUD,SP_JUR,HARM_EV,MAN_COLL,RELJCT1,RELJCT2,TYP_INT,WRK_ZONE,REL_ROAD,LGT_COND,WEATHER1,WEATHER2,WEATHER,SCH_BUS,RAIL,NOT_HOUR,NOT_MIN,ARR_HOUR,ARR_MIN,HOSP_HR,HOSP_MN,CF1,CF2,CF3,FATALS,DRUNK_DR
8,80377,1,1,0,0,0,1,1,117,0,10,9,2016,7,4,49,0,1,4,1,3,SR-9,,1229,39.87037222,-106.266477780000,0,24,0,0,1,1,0,4,2,98,0,98,0,0000000,4,49,99,99,88,88,0,0,0,1,0
8,80378,2,2,0,0,0,5,5,1,2427,10,9,2016,7,9,15,1,2,3,1,3,SR-7  160TH AVE,QUEBEC ST,729,39.98634167,-104.903283330000,0,12,6,0,2,2,0,1,1,98,0,98,0,0000000,9,15,9,15,99,99,0,0,0,1,0
8,80379,2,2,0,0,0,4,4,41,0,10,9,2016,7,11,15,1,2,3,1,3,SR-83,,222,39.02330556,-104.780088890000,0,12,6,0,1,1,0,1,1,98,0,98,0,0000000,11,20,11,25,99,99,0,0,0,1,0
8,80380,3,3,0,0,0,10,10,65,0,10,9,2016,7,16,0,0,1,4,1,2,US-24,,1901,39.09098889,-106.287283330000,0,12,2,0,1,1,0,1,1,98,0,98,0,0000000,99,99,99,99,99,99,0,0,0,1,0
8,80381,1,1,0,0,0,1,1,15,0,10,9,2016,7,16,28,1,1,3,1,2,US-50,,2110,38.53694444,-106.184444440000,0,42,0,0,1,1,0,4,1,98,0,98,0,0000000,99,99,99,99,88,88,0,0,0,1,0
8,80382,1,1,0,0,0,1,1,101,0,11,9,2016,1,13,30,0,1,4,1,3,SR-96,,819,38.19691667,-104.160777780000,0,1,0,0,1,1,0,4,1,98,0,98,0,0000000,99,99,99,99,88,88,0,0,0,1,0
8,80383,1,1,0,0,0,1,1,125,0,13,9,2016,3,6,0,0,1,6,2,4,CR-JJ,CR-27,0,39.96233333,-102.203833330000,0,1,0,0,3,4,0,4,4,98,0,98,0,0000000,6,8,99,99,88,88,0,0,0,1,0
8,80384,1,1,0,0,0,1,1,123,0,12,9,2016,2,9,5,0,1,7,2,4,CR-30,,0,40.20285833,-104.819905560000,0,10,0,0,6,1,0,1,1,98,0,98,0,804338H,99,99,99,99,99,99,0,0,0,1,0
8,80385,2,2,0,0,0,2,2,1,2550,4,9,2016,1,18,12,1,2,3,1,2,US-287  FEDERAL BLVD,W 74TH AVE,2890,39.83092778,-105.025036110000,0,12,6,0,2,2,0,1,1,98,0,98,0,0000000,18,13,18,15,18,33,0,0,0,1,0
8,80386,1,1,0,0,0,1,1,69,0,15,9,2016,5,16,43,0,2,5,2,4,CR-23,,0,40.53217778,-105.141044440000,0,24,0,0,1,1,0,4,1,98,0,98,0,0000000,16,43,16,51,88,88,0,0,0,1,1
8,80387,2,2,0,0,0,4,4,75,0,15,9,2016,5,18,10,0,1,5,1,2,US-6,,3905,40.47019444,-103.372677780000,0,12,6,0,1,1,0,1,1,98,0,98,0,0000000,99,99,99,99,99,99,0,0,0,1,0
8,80388,1,1,0,1,1,1,1,1,110,7,9,2016,4,6,13,0,2,4,4,6,E MONTVIEW ST,N HAVANA ST,0,39.74744444,-104.865902780000,0,8,0,0,3,2,0,1,4,98,0,98,0,0000000,6,13,6,17,6,30,0,0,0,1,0
8,80389,1,1,0,0,0,3,3,69,0,16,9,2016,6,21,15,1,2,1,1,1,I-25,,2563,40.39291667,-104.993638890000,0,1,0,0,1,1,0,4,2,98,0,98,0,0000000,99,99,99,99,99,99,0,0,0,2,1
8,80390,1,1,0,0,0,2,2,5,110,16,9,2016,6,23,12,1,2,1,1,1,I-225,,86,39.72012222,-104.826288890000,0,1,0,0,1,1,0,3,3,98,0,98,0,0000000,23,12,23,18,23,33,0,0,0,1,0
8,80391,1,1,0,0,0,1,1,35,0,17,9,2016,7,18,54,1,1,1,1,1,I-25,,1699,39.21618056,-104.875958330000,0,1,0,0,1,1,0,3,2,1,0,1,0,0000000,99,99,99,99,88,88,0,0,0,1,0
8,80392,1,1,0,0,0,1,1,39,0,18,9,2016,1,3,0,0,1,6,1,2,US-40,,3603,39.48847222,-103.957055560000,0,31,0,0,1,1,0,4,2,98,0,98,0,0000000,99,99,99,99,88,88,0,0,0,1,1
8,80393,1,1,0,0,0,2,2,51,0,18,9,2016,1,16,6,0,1,4,1,3,SR-149,,1050,38.34335556,-107.100638890000,0,31,0,0,1,1,0,4,1,1,0,1,0,0000000,16,6,16,22,17,0,0,0,0,1,0
8,80394,2,2,0,0,0,3,3,35,0,19,9,2016,2,18,30,0,1,4,1,3,SR-67,,906,39.15454444,-105.153191670000,0,12,6,0,1,1,0,1,1,10,0,10,0,0000000,99,99,99,99,99,99,14,0,0,1,0
8,80395,1,1,0,0,0,2,2,35,0,17,9,2016,7,19,23,0,1,5,2,4,CR-S PERRY PARK RD,,0,39.33296944,-104.969205560000,0,11,0,0,1,1,0,1,5,98,0,98,0,0000000,19,23,19,33,99,99,0,0,0,1,0
8,80396,1,1,0,1,1,1,1,69,0,20,9,2016,3,19,20,0,1,5,2,4,CR-8E,,31,40.31939722,-105.202750000000,0,9,0,0,1,1,0,1,5,98,0,98,0,0000000,99,99,99,99,88,88,0,0,0,1,0
8,80397,2,2,0,0,0,3,3,31,600,17,9,2016,7,5,42,1,2,1,1,1,I-25,,2126,39.76665000,-104.998161110000,0,12,1,1,18,1,0,1,3,98,0,98,0,0000000,5,42,99,99,6,41,0,0,0,1,0
8,80398,3,3,0,0,0,5,5,69,9997,17,9,2016,7,16,5,1,2,1,1,7,I-25 E FRONTAGE RD,,2551,40.37419444,-104.990966670000,0,12,2,0,1,1,0,1,1,98,0,98,0,0000000,16,12,16,12,99,99,0,0,0,1,1
8,80399,1,1,0,0,0,1,1,123,0,21,9,2016,4,23,30,0,1,7,2,4,CR-74,,0,40.52390278,-103.932222220000,0,1,0,0,1,1,0,4,2,98,0,98,0,0000000,1,26,1,32,88,88,18,0,0,1,1
8,80400,1,1,0,0,0,1,1,35,0,14,9,2016,4,11,22,1,2,2,1,3,SR-470  C-470,,185,39.55965278,-105.006944440000,0,1,0,1,19,1,0,3,1,98,0,98,0,0000000,99,99,99,99,99,99,0,0,0,1,0
8,80401,2,2,0,0,0,3,3,41,430,21,9,2016,4,0,14,1,2,3,1,3,SR-21  N POWERS BLVD,E CONSTITUTION AVE,1440,38.87202500,-104.719913890000,0,12,6,0,2,2,0,1,3,98,0,98,0,0000000,99,99,99,99,99,99,0,0,0,1,2
8,80402,1,1,0,0,0,1,1,33,0,21,9,2016,4,23,30,1,1,3,1,3,SR-145,,581,37.80003611,-107.926919440000,0,35,0,0,1,1,0,4,2,2,0,2,0,0000000,99,99,99,99,88,88,0,0,0,1,1
8,80403,1,1,0,0,0,1,1,123,0,22,9,2016,5,6,55,1,2,3,1,2,US-34,,989,40.40687778,-104.944038890000,0,1,0,0,1,1,0,1,4,98,0,98,0,0000000,99,99,99,99,99,99,0,0,0,1,0
8,80404,1,1,0,0,0,1,1,101,2052,22,9,2016,5,22,50,0,2,7,4,6,E RUSTIC DR,,0,38.35303333,-104.682361110000,0,35,0,0,1,1,0,4,2,98,0,98,0,0000000,22,54,23,0,99,99,0,0,0,1,0
8,80405,2,2,0,0,0,4,4,67,0,23,9,2016,6,18,59,1,1,3,1,3,SR-172,,190,37.18361111,-107.752347220000,0,12,2,0,1,1,0,1,1,98,0,98,0,0000000,17,59,18,1,88,88,0,0,0,1,1
8,80406,1,1,0,0,0,2,2,81,0,25,9,2016,1,13,0,1,1,3,1,2,US-40,,604,40.51636111,-108.081261110000,0,42,0,0,1,1,0,4,1,98,0,98,0,0000000,13,0,13,13,13,50,0,0,0,1,0
8,80407,1,1,0,1,1,1,1,31,600,16,9,2016,6,3,41,1,2,3,1,3,SR-88  S FEDERAL BLVD,,39,39.68246667,-105.025105560000,0,8,0,0,1,1,0,1,3,98,0,98,0,0000000,3,41,99,99,99,99,0,0,0,1,0
8,80408,2,2,0,0,0,2,2,31,600,17,9,2016,7,17,42,0,2,4,4,6,W 38TH AVE,N PECOS ST,0,39.76925000,-105.006902780000,0,12,7,0,3,2,0,1,1,98,0,98,0,0000000,17,42,17,48,18,12,28,0,0,1,0
8,80409,1,1,0,1,1,1,1,31,600,19,9,2016,2,4,50,1,2,3,1,2,US-287  FEDERAL BLVD,,2859,39.78638889,-105.025180560000,0,8,0,0,1,1,0,1,3,98,0,98,0,0000000,99,99,99,99,99,99,0,0,0,1,0
8,80410,1,1,0,0,0,1,1,93,0,22,9,2016,5,22,55,0,1,4,1,3,SR-9,,753,39.34810556,-106.054875000000,0,31,0,0,1,1,0,4,2,98,0,98,0,0000000,22,59,23,10,88,88,0,0,0,1,1
8,80411,2,2,0,0,0,2,2,77,1040,19,9,2016,2,6,40,0,2,4,4,6,D ROAD,29 ROAD,0,39.06285556,-108.515105560000,0,12,2,0,2,2,0,1,4,98,0,98,0,0000000,6,40,6,50,6,52,0,0,0,1,0
8,80412,2,2,0,0,0,3,3,55,0,29,9,2016,5,19,40,1,1,1,1,1,I-25,,632,37.80833333,-104.828811110000,0,12,7,0,1,1,0,1,1,98,0,98,0,0000000,99,99,99,99,99,99,0,0,0,1,0
8,80413,1,1,0,1,1,1,1,1,1771,23,9,2016,6,15,15,1,2,1,1,1,I-25 HOV LANE,,2210,39.88194444,-104.987527780000,0,8,0,0,1,1,0,1,1,98,0,98,0,0000000,15,15,15,23,88,88,0,0,0,1,0
8,80414,2,2,0,0,0,3,3,31,600,25,9,2016,1,15,22,1,2,2,1,2,US-6  W 6TH AVE,,2837,39.72566667,-105.028166670000,0,12,7,1,18,1,0,1,1,98,0,98,0,0000000,15,34,15,39,15,50,0,0,0,1,0
8,80415,2,2,0,0,0,2,2,5,0,27,9,2016,3,6,20,1,2,3,1,3,SR-83  S PARKER RD,CR-E JEWELL AVE,731,39.68176111,-104.879422220000,0,12,6,0,2,3,0,1,2,98,0,98,0,0000000,99,99,99,99,88,88,0,0,0,1,1
8,80416,1,1,0,0,0,1,1,113,0,27,9,2016,3,14,57,1,1,3,1,3,SR-145,,644,37.86405556,-107.872194440000,0,31,0,0,1,1,0,4,1,1,0,1,0,0000000,14,5,14,8,88,88,0,0,0,1,1
8,80417,2,2,0,0,0,3,3,1,1771,28,9,2016,4,12,57,0,2,5,4,6,IRMA DR,,0,39.88998611,-104.964111110000,0,12,6,0,8,1,0,1,1,98,0,98,0,0000000,12,57,12,59,13,23,0,0,0,1,0
8,80418,1,1,0,0,0,4,4,55,0,10,9,2016,7,11,4,1,1,1,1,1,I-25,,686,37.88777778,-104.829027780000,0,31,0,0,1,1,0,4,1,98,0,98,0,0000000,10,7,10,23,11,34,0,0,0,1,0
8,80419,1,1,0,0,0,2,2,41,0,30,9,2016,6,13,20,0,1,7,2,4,CR-S YODER RD,,0,38.74956667,-104.219750000000,0,38,0,0,1,1,0,5,1,98,0,98,0,0000000,99,99,99,99,88,88,0,0,0,1,0
8,80420,2,2,0,0,0,3,3,101,0,30,9,2016,6,17,9,1,1,1,1,1,I-25,,697,37.90408889,-104.828858330000,0,12,7,0,1,1,0,1,1,98,0,98,0,0000000,99,99,99,99,99,99,0,0,0,1,1
8,80421,2,2,0,0,0,4,4,1,110,23,9,2016,6,13,5,0,2,4,4,6,N TOWER RD,E 35TH AVE,0,39.76458333,-104.772208330000,0,12,6,0,2,2,0,1,1,98,0,98,0,0000000,13,20,13,31,13,52,0,0,0,1,0
8,80422,1,1,0,0,0,1,1,123,870,27,9,2016,3,13,4,1,2,2,1,2,US-85,,2408,40.06825000,-104.818269440000,0,59,0,0,1,1,0,3,1,98,0,98,0,0000000,13,4,13,14,88,88,0,0,0,1,0
8,80423,1,1,0,0,0,1,1,101,2050,28,9,2016,4,22,19,0,2,4,4,6,N POLK ST,,0,38.25699722,-104.634538890000,0,33,0,0,1,1,0,4,3,98,0,98,0,0000000,22,21,22,23,22,37,0,0,0,1,1
8,80424,2,2,0,0,0,2,2,41,890,16,9,2016,6,18,37,0,2,7,4,6,BANDLEY DR,TRAVEL PLAZA DR,0,38.72343611,-104.730138890000,0,12,6,0,2,3,0,1,1,98,0,98,0,0000000,18,39,18,45,88,88,0,0,0,1,0
8,80425,1,1,0,0,0,1,1,69,1550,5,9,2016,2,0,23,0,2,7,4,6,S GILPIN ST,EAGLE DR,0,40.38675000,-105.111033330000,0,1,0,0,2,3,0,1,3,98,0,98,0,0000000,0,23,0,26,99,99,0,0,0,1,1
8,80426,2,2,0,0,0,4,4,59,2555,6,9,2016,3,13,59,1,2,3,1,3,SR-391  KIPLING ST,W 48TH AVE,95,39.78295556,-105.109683330000,0,12,6,0,2,2,0,1,1,98,0,98,0,0000000,14,1,14,5,99,99,0,0,0,1,0
8,80427,2,2,0,0,0,4,4,109,0,21,9,2016,4,7,25,0,1,4,1,3,SR-112,CR-6 EAST,193,37.74834444,-106.038388890000,0,12,6,0,2,2,0,1,1,98,0,98,0,0000000,99,99,99,99,99,99,0,0,0,1,0
8,80428,1,1,0,1,1,1,1,5,740,25,4,2016,2,21,43,1,2,3,4,6,S BROADWAY,ENGLEWOOD PKWY,0,39.65480833,-104.987725000000,0,8,0,0,3,2,0,1,3,98,0,98,0,0000000,21,43,99,99,99,99,0,0,0,1,0
8,80429,2,2,0,0,0,2,2,81,460,27,6,2016,2,17,49,1,2,3,1,2,US-40  W VICTORY WAY,4TH AVE W,897,40.51421111,-107.567383330000,0,12,6,0,3,3,0,1,1,98,0,98,0,0000000,17,50,17,51,18,3,0,0,0,1,0
8,80430,1,1,0,1,1,3,3,5,2270,22,5,2016,1,14,39,0,2,5,4,6,S ZUNI ST,W GIRARD AVE,0,39.65504444,-105.015866670000,0,9,0,0,2,3,0,1,1,98,0,98,0,0000000,99,99,99,99,99,99,0,0,0,1,0
8,80431,1,1,0,0,0,3,3,5,110,2,10,2016,1,2,46,0,2,5,4,6,E FLORIDA AVE,,0,39.68936111,-104.873522220000,0,33,0,0,1,1,0,4,3,98,0,98,0,0000000,2,46,2,51,99,99,0,0,0,2,1
8,80432,1,1,0,0,0,5,5,5,0,2,10,2016,1,5,15,0,1,6,2,4,CR-COUNTY LINE RD,,0,39.56598611,-104.628538890000,0,38,0,0,1,1,0,5,2,98,0,98,0,0000000,5,21,5,41,88,88,0,0,0,5,1
8,80433,2,2,0,0,0,2,2,43,0,3,10,2016,2,10,25,0,1,4,1,3,SR-9,,95,38.59716944,-105.427230560000,0,12,6,0,8,1,0,1,1,98,0,98,0,0000000,99,99,99,99,99,99,0,0,0,1,0
8,80434,1,1,0,0,0,1,1,59,0,3,10,2016,2,15,50,0,1,6,2,4,CR-PLEASANT PARK RD,,0,39.50053611,-105.241750000000,0,1,0,0,1,1,0,4,1,98,0,98,0,0000000,15,48,15,58,88,88,0,0,0,1,1
8,80435,1,1,0,1,1,1,1,59,0,3,10,2016,2,19,25,1,2,3,1,3,SR-72  WARD RD,CR-W 52ND AVE,8,39.79086667,-105.138027780000,0,8,0,0,3,2,0,1,3,98,0,98,0,0000000,19,24,19,27,19,49,0,0,0,1,0
8,80436,2,2,0,0,0,2,2,41,430,2,10,2016,1,18,32,1,2,3,4,6,W GARDEN OF THE GODS RD,CENTENNIAL BLVD,0,38.89651944,-104.850605560000,0,12,1,0,3,2,0,1,1,98,0,98,0,0000000,18,34,18,36,18,52,0,0,0,1,1
8,80437,3,3,0,0,0,3,3,69,0,5,10,2016,4,13,30,0,1,5,2,4,CR-8,CR-21,0,40.30501667,-105.131338890000,0,12,6,0,2,2,0,1,1,98,0,98,0,0000000,99,99,99,99,99,99,0,0,0,1,0
8,80438,2,1,1,1,2,2,3,1,0,5,10,2016,4,15,15,1,1,1,1,1,I-70,,2981,39.73945278,-104.550738890000,0,14,0,0,1,1,0,2,1,10,0,10,0,0000000,99,99,99,99,99,99,0,0,0,1,0
8,80439,2,2,0,0,0,3,3,123,9997,7,10,2016,6,11,16,0,2,7,2,6,CR-6  CROWN PRINCE BLVD,CR-27  DENVER AVE,0,40.02949444,-104.810511110000,0,12,6,0,2,2,0,1,1,98,0,98,0,0000000,11,16,11,17,12,15,0,0,0,1,0
8,80440,1,1,0,0,0,1,1,75,0,7,10,2016,6,11,20,0,1,5,1,3,SR-61,,340,40.59216667,-103.053127780000,0,38,0,0,1,1,0,5,1,98,0,98,0,0000000,11,22,11,30,88,88,0,0,0,1,1
8,80441,2,2,0,0,0,2,2,41,430,8,10,2016,7,9,28,1,2,3,4,6,WOODMAN RD,AUSTIN BLUFFS PKWY,0,38.94008889,-104.739672220000,0,12,6,0,2,2,0,1,1,98,0,98,0,0000000,9,28,9,32,88,88,0,0,0,1,0
8,80442,1,1,0,0,0,1,1,29,0,8,10,2016,7,16,0,0,1,7,2,4,CR-GRAFF RD,,0,38.74422500,-108.085933330000,0,35,0,0,1,1,0,4,1,1,0,1,0,0000000,18,0,18,10,88,88,0,0,0,1,1
8,80443,1,1,0,0,0,1,1,123,0,8,10,2016,7,19,10,1,2,2,1,2,US-34,,1152,40.39393056,-104.641008330000,0,11,0,0,1,1,0,1,2,98,0,98,0,0000000,99,99,99,99,88,88,0,0,0,1,0
8,80444,5,4,1,0,0,4,4,31,600,10,10,2016,2,18,40,1,2,3,1,3,SR-2  N COLORADO BLVD,,84,39.77676667,-104.940691670000,0,12,1,0,1,1,0,1,5,98,0,98,0,0000000,18,42,18,49,19,20,0,0,0,1,1
8,80445,1,1,0,0,0,3,3,103,0,12,10,2016,4,11,20,0,1,7,2,4,CR-115,,6,40.03930556,-107.526416670000,0,5,0,0,1,1,0,1,1,98,0,98,0,0000000,11,26,12,0,88,88,0,0,0,1,0
8,80446,1,1,0,0,0,1,1,67,0,12,10,2016,4,19,2,1,1,3,1,2,US-160,,729,37.28926389,-108.036366670000,0,11,0,0,1,1,0,1,2,98,0,98,0,0000000,99,99,99,99,88,88,0,0,0,1,1
8,80447,1,1,0,0,0,1,1,79,0,13,10,2016,5,10,32,1,1,3,1,2,US-160,,1605,37.45038889,-106.888583330000,0,39,0,0,1,1,0,4,1,98,0,98,0,0000000,99,99,99,99,88,88,0,0,0,1,0
8,80448,1,1,0,1,1,1,1,69,0,13,10,2016,5,18,55,1,1,1,1,7,I-25 W FRONTAGE RD,,2749,40.66093333,-105.001297220000,0,8,0,0,1,1,0,1,2,1,0,1,0,0000000,99,99,99,99,88,88,0,0,0,1,0
8,80449,1,1,0,1,1,1,1,31,600,12,10,2016,4,0,45,1,2,1,1,1,I-25,,2113,39.75333333,-105.014988890000,0,8,0,0,1,1,0,1,3,1,0,1,0,0000000,0,46,0,52,88,88,0,0,0,1,0
8,80450,2,2,0,0,0,4,4,41,0,18,10,2016,3,12,26,0,1,4,2,4,CR-PEYTON HWY,CR-JUDGE ORR RD,0,38.95422222,-104.478761110000,0,12,6,0,2,2,0,1,1,98,0,98,0,0000000,99,99,99,99,99,99,0,0,0,1,0
8,80451,1,1,0,1,1,1,1,59,80,19,10,2016,4,6,50,1,2,3,1,3,SR-121  WADSWORTH BLVD,W 52ND AVE,172,39.79121667,-105.081036110000,0,9,0,0,3,2,0,1,4,98,0,98,0,0000000,6,51,6,55,7,16,16,0,0,1,0
8,80452,1,1,0,0,0,1,1,1,0,14,10,2016,6,4,34,0,1,5,1,3,SR-79,,135,39.92224167,-104.414166670000,0,1,0,0,1,1,0,4,2,98,0,98,0,0000000,4,38,4,57,99,99,0,0,0,1,1
8,80453,1,1,0,1,1,1,1,31,600,17,10,2016,2,9,30,1,2,3,4,6,E MISSISSIPPI AVE,S ALTON ST,0,39.69669444,-104.882472220000,0,9,0,0,3,2,0,1,1,98,0,98,0,0000000,99,99,99,99,99,99,0,0,0,1,0
8,80454,2,2,0,0,0,2,2,123,0,20,10,2016,5,6,54,0,1,6,2,4,CR-45,,0,40.03258333,-104.640777780000,0,12,2,0,1,1,0,1,4,98,0,98,0,0000000,99,99,99,99,88,88,0,0,0,1,0
8,80455,2,2,0,0,0,2,2,69,0,17,10,2016,2,21,10,0,1,3,1,2,US-287,CR-72  OWL CANYON RD,3632,40.76125000,-105.176422220000,0,12,6,0,2,3,0,1,2,98,0,98,0,0000000,99,99,99,99,88,88,0,0,0,1,0
8,80456,2,2,0,0,0,3,3,41,430,21,10,2016,6,19,49,1,2,3,4,6,N ACADEMY BLVD,,0,38.89398333,-104.758055560000,0,12,1,0,8,1,0,1,3,98,0,98,0,0000000,19,49,19,52,20,12,14,0,0,2,1
8,80457,2,2,0,0,0,3,3,41,430,22,10,2016,7,13,56,0,2,4,4,6,BLACK FOREST RD,FOXTROT LN,0,38.94583333,-104.700958330000,0,12,6,0,2,3,0,1,1,98,0,98,0,0000000,13,57,14,3,99,99,0,0,0,1,1
8,80458,1,1,0,0,0,1,1,73,0,25,10,2016,3,9,30,0,1,5,2,4,CR-109,,0,39.07638889,-103.479972220000,0,1,0,0,1,1,0,1,1,98,0,98,0,0000000,99,99,99,99,88,88,0,0,0,1,0
8,80459,1,1,0,1,1,1,1,69,0,25,10,2016,3,23,40,1,2,3,1,3,SR-14  E MULBERRY DR,CR-SUMMIT VIEW DR,1376,40.58121389,-105.027588890000,0,8,0,0,3,2,0,1,3,98,0,98,0,0000000,99,99,99,99,88,88,0,0,0,1,0
8,80460,1,1,0,0,0,1,1,31,600,25,10,2016,3,1,48,1,2,3,1,2,US-85  S SANTA FE DR,W MISSISSIPPI AVE,2099,39.69686944,-104.991702780000,0,46,0,0,3,2,0,4,3,98,0,98,0,0000000,1,48,1,52,88,88,0,0,0,1,1
8,80461,3,3,0,0,0,4,4,123,0,25,10,2016,3,9,30,0,1,5,2,4,CR-49,,0,40.14765000,-104.602894440000,0,12,1,0,1,1,1,1,1,1,0,1,0,0000000,9,34,9,36,88,88,0,0,0,1,0
8,80462,5,5,0,0,0,12,12,1,2427,25,10,2016,3,11,6,0,2,4,4,6,WASHINGTON ST,3 136TH AVE,0,39.94232778,-104.978111110000,0,12,1,0,3,2,0,1,1,98,0,98,0,0000000,11,8,11,12,99,99,28,0,0,1,0
8,80463,2,2,0,0,0,2,2,77,1040,5,10,2016,4,9,23,1,2,3,1,3,SR-70 BUSN LOOP,28 1/2 RD,79,39.07102222,-108.524361110000,0,12,6,0,2,3,0,1,1,98,0,98,0,0000000,9,26,9,32,9,47,0,0,0,1,0
8,80464,3,3,0,0,0,7,7,13,0,26,10,2016,4,15,40,0,2,5,2,4,CR-NIWOT RD,CR-QUIET RETREAT CT,0,40.10169444,-105.136333330000,0,12,9,0,3,3,0,1,1,98,0,98,0,0000000,99,99,99,99,99,99,14,0,0,1,0
8,80465,2,2,0,0,0,2,2,14,253,27,10,2016,5,9,6,0,2,7,4,6,UPTOWN AVE,PARKLAND ST,0,39.90160000,-105.082877780000,0,12,2,0,2,2,0,1,1,98,0,98,0,0000000,99,99,99,99,99,99,0,0,0,1,0
8,80466,1,1,0,0,0,1,1,89,0,27,10,2016,5,13,50,0,1,7,2,4,CR-KK,,0,38.11452778,-103.518305560000,0,35,0,0,1,1,0,4,1,1,0,1,0,0000000,99,99,99,99,88,88,0,0,0,1,0
8,80467,1,1,0,0,0,1,1,77,940,22,10,2016,7,5,40,0,2,7,4,6,18 1/2 RD,,0,39.17358889,-108.710547220000,0,43,0,0,1,1,0,4,2,98,0,98,0,0000000,6,6,6,14,88,88,0,0,0,1,1
8,80468,1,1,0,1,1,1,1,31,600,28,10,2016,6,20,8,1,2,3,1,3,SR-2  COLORADO BLVD,E 29TH AVE,72,39.75823333,-104.940483330000,0,15,0,0,3,2,0,1,3,98,0,98,0,0000000,20,8,20,12,20,31,0,0,0,1,0